{"train/loss": 0.618, "train/learning_rate": 7.339449541284405e-07, "train/epoch": 1.0, "train/global_step": 218, "_timestamp": 1699627585.9791305, "_runtime": 308.20389342308044, "_step": 23, "eval/loss": 0.623303234577179, "eval/accuracy": 0.6885456885456885, "eval/f1": 0.8155487804878049, "eval/runtime": 13.8391, "eval/samples_per_second": 56.145, "eval/steps_per_second": 56.145, "train/train_runtime": 281.0381, "train/train_samples_per_second": 24.865, "train/train_steps_per_second": 0.776, "train/total_flos": 406322074411008.0, "train/train_loss": 0.6314176397586088}